"","name","ratingOverall","ratingKeyword","totalReviews","atmosphere","cleanliness","facilities","location","security","staff","valueformoney"
"1","Emblem Hostel Nishiarai","9.4","Superb","1592 Total Reviews",9.4,9.7,9.7,7.8,9.7,9.8,9.5
"2","Space Hostel Tokyo","9.2","Superb","1624 Total Reviews",8.7,9.6,9.1,8.9,9.2,9.5,9.3
"3","Planetyze Hostel","9.0","Superb","270 Total Reviews",8.3,9.4,8.7,8.7,9.6,9.4,9
"4","Hop Step Inn","9.2","Superb","215 Total Reviews",8.5,9.5,9.6,8.7,9.5,9.5,9.2
"5","Uno Ueno","8.9","Fabulous","206 Total Reviews",7.7,9.3,8.8,9.2,9.2,9.5,8.9
"6","Sakura Hostel Asakusa","8.9","Fabulous","1918 Total Reviews",8.2,9.1,8.8,8.9,9.2,9.3,8.9
"7","Grids Tokyo Asakusa-Bashi Hotel&Hostel","9.4","Superb","95 Total Reviews",8.7,9.8,9.2,9.3,9.7,9.6,9.4
"8","Oakhostel Cabin","8.7","Fabulous","1058 Total Reviews",8.1,9,8.6,8,9.2,9.3,8.6
"9","Imano Tokyo Ginza Hostel","8.9","Fabulous","127 Total Reviews",8.3,9.4,8.6,9,9.1,9,8.7
"10","Hostel bedgasm","9.6","Superb","919 Total Reviews",9.6,9.8,9.5,9,9.5,9.9,9.6
"11","GRIDS TOKYO AKIHABARA HOTEL&HOSTEL","8.9","Fabulous","356 Total Reviews",8.1,9.5,9.1,8.5,9.5,9,8.8
"12","Bunka Hostel Tokyo","9.0","Superb","431 Total Reviews",8.4,9.3,8.9,9.1,9.2,9.2,9
"13","Hostel&Café East57 Asakusabashi","8.5","Fabulous","114 Total Reviews",7.5,8.6,8.3,8.9,8.8,8.6,8.7
"14","Wise Owl Hostels Tokyo","9.2","Superb","1016 Total Reviews",8.5,9.5,9.4,9.1,9.6,9.4,9
"15","Sakura Hotel Nippori","9.4","Superb","31 Total Reviews",8.3,9,9.7,9.7,10,9.7,9.7
"16","Guesthouse Fete","9.2","Superb","178 Total Reviews",9.6,9.4,9,8.4,9.2,9.6,9.2
"17","Anne Hostel Yokozuna","9.0","Superb","2442 Total Reviews",8.8,9,8.9,8.9,9.2,9.3,9
"18","Wise Owl Hostels Shibuya","9.1","Superb","566 Total Reviews",8.9,9.3,9.1,8.6,9.5,9.3,8.9
"19","Nui. Hostel & Bar Lounge","9.5","Superb","1317 Total Reviews",9.4,9.7,9.6,9,9.4,9.7,9.5
"20","CITAN Hostel","9.4","Superb","652 Total Reviews",9.1,9.7,9.6,8.8,9.6,9.7,9.3
"21","Kaisu Hostel","9.5","Superb","855 Total Reviews",9.3,9.8,9.5,9.3,9.6,9.7,9.3
"22","Backpackers Hostel K's House Tokyo","9.5","Superb","2758 Total Reviews",9.4,9.6,9.3,9.3,9.5,9.8,9.4
"23","Anne Hostel Asakusabashi","9.0","Superb","3091 Total Reviews",8.7,9.1,8.7,8.8,8.9,9.4,9.2
"24","Unplan Kagurazaka","9.5","Superb","773 Total Reviews",9.3,9.9,9.6,9,9.5,9.7,9.5
"25","hostel DEN","9.3","Superb","192 Total Reviews",9,9.5,9.2,9,9.4,9.6,9.1
"26","Imano Tokyo Hostel","8.8","Fabulous","1082 Total Reviews",8.4,9.1,8.6,9.3,8.8,9.2,8.6
"27","Hikari House","8.9","Fabulous","192 Total Reviews",8.3,9.3,8.8,9.7,8,9.4,9.1
"28","Hotel&Hostel On the Marks Tokyo Kawasaki","9.3","Superb","241 Total Reviews",9,10,9,9,9.8,9.3,9.3
"29","IRORI Nihonbashi Hostel and Kitchen","8.0","Fabulous","208 Total Reviews",6.9,7.6,7.8,8.5,8.5,8.2,8.5
"30","Hotel Graphy Nezu","8.7","Fabulous","456 Total Reviews",8.6,9,8.8,7.7,9.2,9,8.7
"31","The Millennials Shibuya","9.7","Superb","50 Total Reviews",9.3,10,9.9,10,9.6,9.7,9.3
"32","Almond hostel & cafe Shibuya","9.0","Superb","145 Total Reviews",8.2,9.1,8.8,9.3,9.4,9.6,8.9
"33","JGH Tokyo","7.8","Very Good","530 Total Reviews",8.2,6.8,7.4,7.3,7.5,9.1,8.5
"34","Khaosan Tokyo Samurai","9.1","Superb","750 Total Reviews",8.3,9.4,9.2,9.4,9.1,9.1,9.4
"35","Khaosan Tokyo Kabuki","9.3","Superb","2901 Total Reviews",8.9,9.4,9.2,9.6,9.3,9.8,9.3
"36","Khaosan Tokyo Origami","9.4","Superb","1375 Total Reviews",8.9,9.3,9.2,9.3,9.5,9.8,9.5
"37","AS House (Asakusa Smile)","8.1","Fabulous","2283 Total Reviews",7.8,7,7.5,8.9,8.3,8.5,8.5
"38","Zabutton Hostel","9.1","Superb","346 Total Reviews",8.6,9.2,8.6,9.1,9.4,9.5,9.2
"39","RYOKAN&HOSTEL WASABI Nippori","9.5","Superb","243 Total Reviews",9,9.9,9.6,8.9,9.6,9.8,9.6
"40","Turn Table Hostel","8.8","Fabulous","105 Total Reviews",7.8,9.2,9.2,8.9,9.2,9.1,8.1
"41","Oakhostel Fuji","8.7","Fabulous","450 Total Reviews",7.8,8.8,8.9,8.8,9.5,8.8,8.6
"42","Kikka","8.5","Fabulous","31 Total Reviews",7.7,8.9,8.2,8.8,8.9,9.1,8
"43","GRIDS TOKYO NIHOMBASHI EAST HOTEL&HOSTEL","8.7","Fabulous","86 Total Reviews",8.7,8,8.7,8.3,8.7,9.3,9
"44","Little Japan","9.0","Superb","42 Total Reviews",8.9,8.7,9,8.6,9.3,9.3,9.2
"45","UNPLAN Shinjuku","9.8","Superb","7 Total Reviews",9.4,10,10,9.7,9.7,10,10
"46","Tokyo Hostel Fuji","9.1","Superb","243 Total Reviews",8.2,9.5,9.3,8.9,9.3,9.5,9.1
"47","Ace Inn Shinjuku","7.7","Very Good","1822 Total Reviews",6.5,7.6,7.1,8.6,7.8,8.3,7.8
"48","Quality Hostel K's House Tokyo Oasis","9.2","Superb","1013 Total Reviews",8.5,9.6,9,8.8,9.5,9.6,9.2
"49","Hiromas Hostel in Kanda","7.6","Very Good","114 Total Reviews",6.6,8.3,7.7,7.7,7.7,7.7,7.4
"50","&And Hostel Akihabara","9.0","Superb","23 Total Reviews",8,9,8.7,9.7,9.3,9.1,9.3
"51","Playsis East Tokyo","9.2","Superb","15 Total Reviews",8.3,10,8.8,9,9.7,9.3,9.3
"52","Obi Hostel","8.2","Fabulous","239 Total Reviews",7.8,8.6,7.6,8.1,8.1,8.9,7.9
"53","Focus Kuramae","9.3","Superb","6 Total Reviews",9.7,10,9.7,8.3,9.3,9.7,8.7
"54","Khaosan World Ryogoku Hostel","8.9","Fabulous","79 Total Reviews",8.5,10,8.8,8.3,8.5,9.3,9.3
"55","Stayto (former: Oak Hotel)","9.1","Superb","2041 Total Reviews",8.5,9.5,8.3,9,9.5,9.5,9.5
"56","Hostel WAQWAQ Tokyo Ueno Asakusa","8.4","Fabulous","61 Total Reviews",8,8.8,8.8,8.7,7.3,8.7,8.7
"57","Homeikan","8.9","Fabulous","1159 Total Reviews",9.2,9.4,8.8,8.2,8.6,9.1,9.4
"58","Oak Hostel Zen","8.8","Fabulous","1183 Total Reviews",7.8,9.8,7.8,9.3,9.8,9,8.3
"59","Hostel Chapter Two Tokyo","9.7","Superb","26 Total Reviews",9,10,9.7,9.9,9.9,10,9.7
"60","Khaosan World Asakusa RYOKAN & HOSTEL","9.0","Superb","2002 Total Reviews",7.9,8.6,9,9.4,9.6,9.1,9.3
"61","Sakura Hotel Ikebukuro","8.4","Fabulous","548 Total Reviews",8,7.9,8,9.3,8.3,8.9,8.9
"62","Hostel Pumpkey Tokyo","8.0","Fabulous","54 Total Reviews",7.4,8.4,7.4,7.7,8.4,8.3,8
"63","Train Hostel HOKUTOSEI","8.8","Fabulous","81 Total Reviews",7.6,9.5,8.9,9.2,8.7,9.1,8.8
"64","Toco Tokyo Heritage Hostel","9.4","Superb","848 Total Reviews",9.4,9.5,9.4,8.9,9.2,10,9.5
"65","ARTnSHELTER","8.2","Fabulous","286 Total Reviews",7.9,8.2,8,7.5,9.1,8.7,7.8
"66","Hostel Wahaku Kotobuki","8.4","Fabulous","15 Total Reviews",7.8,8.8,8.5,9,9,8.5,7.3
"67","Book And Bed Tokyo Asakusa","9.2","Superb","66 Total Reviews",9.3,9.6,8.7,9.1,9.6,9.6,8.4
"68","Book And Bed Tokyo Ikebukuro","8.8","Fabulous","29 Total Reviews",8.9,8.7,8,9.4,9.1,9.3,7.9
"69","bnb+Shinjuku Castle","8.1","Fabulous","15 Total Reviews",6.9,8.9,7.8,9.5,7.1,8.2,8.4
"70","Iza Tokyo Asakusa Guesthouse","9.0","Superb","60 Total Reviews",8.4,9.1,8.6,9.1,8.9,9.6,9.1
"71","Guest House Shinagawa-shuku Tokyo","9.3","Superb","296 Total Reviews",9.3,9.3,9,9.3,9.7,9.7,9
"72","Good Diner Inn Copain","9.1","Superb","18 Total Reviews",7.6,10,9.2,8.4,10,9.6,9.2
"73","YADOYA Guesthouse Green","8.0","Fabulous","676 Total Reviews",7.5,7,7,7.8,8.3,9.2,8.8
"74","Ikidane House","8.6","Fabulous","26 Total Reviews",7.7,8.3,7.7,9,8.7,10,8.7
"75","Tadaima Japan Shinjuku Ryokan","8.5","Fabulous","15 Total Reviews",8,9.6,8.4,8.8,8.8,8.6,7.6
"76","The Wardrobe Hostel Record","8.2","Fabulous","3 Total Reviews",7.3,8.7,7.3,8,9.3,8.7,8
"77","Ikidane House Asakusa Hatago","9.4","Superb","7 Total Reviews",9,10,10,8,10,10,9
"78","Akihabara Hotel 3000","9.8","Superb","37 Total Reviews",9.3,10,9.3,10,10,10,10
"79","Jimbocho Sakura Hotel","8.3","Fabulous","383 Total Reviews",6.5,8.8,7.3,9.3,9,8.5,8.5
"80","&And Hostel Kanda","7.0","Very Good","3 Total Reviews",7.3,8.7,6,6,8,6.7,6
"81","1night1980hostel Tokyo","8.1","Fabulous","276 Total Reviews",7.3,8.3,8,8,9.5,7.8,8
"82","Asakusa Hostel Toukaisou","8.7","Fabulous","756 Total Reviews",8.6,8.9,8.3,8.6,9.1,8.6,8.6
"83","MyCUBE by MYSTAYS Asakusa-Kuramae","7.7","Very Good","51 Total Reviews",8,8,8,8,8,8,6
"84","Khaosan Tokyo Laboratory","8.0","Fabulous","920 Total Reviews",7.1,7.1,7.7,9.1,8,9.1,7.7
"85","328 Hostel & Lounge","9.6","Superb","126 Total Reviews",9,10,9.7,9.3,9.7,10,9.3
"86","Top  Edge Hostel Koenji","9.2","Superb","3 Total Reviews",10,9.3,8,10,8,10,9.3
"87","bnb+Asakusa Kuramae","5.7","Rating","1 Total Review",6,8,6,6,4,4,6
"88","bnb+Tokyo Tamachi","10.0","Superb","1 Total Review",10,10,10,10,10,10,10
"89","bnb+Post Town Shinbashi","8.0","Fabulous","1 Total Review",NA,NA,NA,NA,NA,NA,NA
"90","Seven Garden","7.4","Very Good","1 Total Review",NA,NA,NA,NA,NA,NA,NA
"91","Family & bAKpAK Tokyo Hostel","8.4","Fabulous","267 Total Reviews",7.4,8,8.3,8.3,8.9,8,9.7
"92","&And Hostel Asakusa Station","8.6","Fabulous","13 Total Reviews",8,9,9,7,8,10,9
"93","The Wardrobe Hostel Roppongi","7.6","Very Good","10 Total Reviews",6.5,9,7,7.5,9.5,8,6
"94","Capsule Inn Kinshichou","8.0","Fabulous","362 Total Reviews",8,8.7,8,7.3,8,8,8
"95","Beagle Tokyo Hostel & Apartments","9.3","Superb","14 Total Reviews",8,9.6,10,9.2,10,8.8,9.2
"96","Guest House Denchi","9.7","Superb","4 Total Reviews",8,10,10,10,10,10,10
"97","Tokyo Sumidagawa Youth Hostel","9.4","Superb","94 Total Reviews",8,10,9.3,9.3,10,10,9.3
"98","Hostel Kura","8.0","Fabulous","2 Total Reviews",6,10,8,8,9,7,8
"99","Oakhostel Sakura","9.0","Superb","24 Total Reviews",8,9.3,8.7,8.7,10,8.7,9.3
"100","TOKYO-W-INN Asakusa","9.0","Superb","79 Total Reviews",7.5,8.5,8.9,9.5,9.2,9.7,9.4
"101","bnb+ Ikebana Okina Yotsuya","9.2","Superb","9 Total Reviews",8.9,9.1,9.4,9.1,9.4,9.7,8.9
"102","Guesthouse Sensu","9.6","Superb","22 Total Reviews",9.6,10,9.6,8.8,9.6,10,9.6
"103","Centurion Ladies Hostel Uenopark (Female only)","8.6","Fabulous","54 Total Reviews",8.5,8.5,8,9.5,8,10,8
"104","Koenji Junjo Hotel","8.4","Fabulous","4 Total Reviews",NA,NA,NA,NA,NA,NA,NA
"105","Juyoh Hotel","9.0","Superb","111 Total Reviews",8,9.3,8.7,8,10,9.3,9.3
"106","Asakusa Ryokan Toukaisou","8.0","Fabulous","554 Total Reviews",6,7.4,7.1,8.9,8.3,9.1,9.1
"107","Shimokita Hostel","8.1","Fabulous","7 Total Reviews",7,10,7,8,9,9,7
"108","Lyuro Tokyo Kiyosumi -The Share Hotels-","8.8","Fabulous","13 Total Reviews",7.5,9.5,8.5,8.5,9.5,9.5,8.5
"109","Senju Tamuraya","9.6","Superb","2 Total Reviews",8,10,10,10,9,10,10
"110","Sukeroku-no-Yado Sadachiyo","9.7","Superb","20 Total Reviews",10,10,10,10,10,10,8
"111","&And Hostel-Asakusa North-","7.1","Very Good","42 Total Reviews",7.3,4.9,6.7,7.1,8,8,7.8
"112","Hiromas Hostel in Akiba","8.5","Fabulous","56 Total Reviews",8.7,8.7,8.3,8.3,9,8.7,8
"113","bnb+TripCommunityTokyo","7.1","Very Good","2 Total Reviews",6,8,6,6,8,8,8
"114","&And Hostel Ueno","10.0","Superb","18 Total Reviews",10,10,10,10,10,10,10
"115","Asakusahotel Wasou","8.6","Fabulous","28 Total Reviews",8.7,8.7,8,8.7,8,8,10
"116","YADOYA Guesthouse Orange","5.2","Rating","191 Total Reviews",4,3,3,9,5,6.5,6
"117","Capsule Value Kanda","7.1","Very Good","62 Total Reviews",6,4,4,10,8,10,8
"118","J's Backpackers","7.4","Very Good","66 Total Reviews",6.7,7.3,7.3,6,8.7,8.7,7.3
"119","With B","8.3","Fabulous","11 Total Reviews",7.5,8.7,8,7.5,8.5,8.9,8.7
"120","Edo Tokyo Hostel","6.3","Good","14 Total Reviews",7,6,5,6,5,7,8
"121","Capsule Hotel Anshin Oyado Akihabara","8.3","Fabulous","3 Total Reviews",NA,NA,NA,NA,NA,NA,NA
"122","Capsule Hotel Anshin Oyado Ogikubo","10.0","Superb","2 Total Reviews",10,10,10,10,10,10,10
"123","Guesthouse Kagaribi","9.1","Superb","10 Total Reviews",10,10,8,8,8,10,10
"124","Hiromas Hostel in Ueno","9.3","Superb","4 Total Reviews",8,9,9,9,10,10,10
"125","Capsule Hotel Anshin Oyado Shinbashi Shiodome","9.1","Superb","1 Total Review",NA,NA,NA,NA,NA,NA,NA
"126","Hisayo's Inn","9.7","Superb","4 Total Reviews",10,10,10,9,10,10,9
"127","Shibamata FU-TEN Bed and Local","4.9","Rating","1 Total Review",2,4,2,2,10,10,4
"128","Tokyo House Inn","8.0","Fabulous","60 Total Reviews",8,8,8,8,8,8,8
"129","Oak Hotel Edo","7.6","Very Good","8 Total Reviews",4,10,8,8,8,8,7
"130","Japanize Guest House","8.1","Fabulous","101 Total Reviews",7,7,8,9,8,9,9
"131","bnb+ Ninja Dojo Ueno","5.0","Rating","3 Total Reviews",4,2,4,8,5,5,7
"132","Grids Kyoto Shijo Kawaramachi Hotel & Hostel","9.2","Superb","176 Total Reviews",8,9.4,9.2,9.6,9.6,9.2,9.1
"133","Friends Kyo","9.8","Superb","184 Total Reviews",9.5,9.9,9.7,9.9,9.8,9.9,9.8
"134","Kyoto Morris Hostel","9.7","Superb","662 Total Reviews",9.2,9.9,9.9,9.4,9.8,9.8,9.8
"135","Len Kyoto","9.5","Superb","962 Total Reviews",9.5,9.6,9.3,9.3,9.5,9.8,9.4
"136","Backpackers Hostel K's House Kyoto","9.2","Superb","10204 Total Reviews",8.8,9.2,9.2,9,9.4,9.4,9
"137","Mosaic Hostel Kyoto","9.7","Superb","584 Total Reviews",9.6,10,9.9,9.2,9.8,9.8,9.8
"138","The Millennials Kyoto","9.5","Superb","270 Total Reviews",9,9.9,9.6,9.9,9.6,9.6,9.4
"139","Ryokan Hostel Gion","9.7","Superb","21 Total Reviews",9.4,9.9,9.5,9.6,9.9,9.9,9.7
"140","Hostel Ebi","9.8","Superb","199 Total Reviews",9.7,10,9.8,9.8,9.9,10,9.8
"141","Bird Hostel","9.4","Superb","390 Total Reviews",9,9.7,9.4,9.4,9.5,9.3,9.5
"142","Piece Hostel Sanjo","9.7","Superb","573 Total Reviews",9.1,9.9,9.6,9.6,9.8,9.9,9.7
"143","Downtown Inn Kyoto","8.5","Fabulous","124 Total Reviews",7.8,8.9,8.6,8.9,8,8.4,8.9
"144","Imano Kyoto Kiyomizu Hostel","8.8","Fabulous","75 Total Reviews",8.1,9.5,8.4,9.2,8.6,9.2,8.3
"145","Centurion Cabin & Spa Kyoto","8.9","Fabulous","544 Total Reviews",7.5,9.5,9.2,9.7,9.4,8.8,8.3
"146","Khaosan Kyoto Guest House","8.6","Fabulous","3911 Total Reviews",7.4,8.1,8.1,9.4,9.1,9.2,8.6
"147","R.Star Hostel Kyoto","9.3","Superb","75 Total Reviews",8.8,9.6,9.6,9.1,9.6,9.2,9.5
"148","J-Hoppers Kyoto Guest House","8.9","Fabulous","1533 Total Reviews",8.1,9.1,8.3,8.8,9.4,9.5,8.9
"149","Comics & CapsuleHotel COMICAP kyotoshinkyogoku","9.2","Superb","324 Total Reviews",8.4,10,9.8,9.8,8.6,8.5,9.2
"150","Santiago Guesthouse Kyoto","8.9","Fabulous","1201 Total Reviews",8.2,9,8.6,9.3,8.5,9.5,9
"151","Guest House Bola-Bola","9.3","Superb","521 Total Reviews",9.6,9.4,9,8.7,9.6,9.7,9.2
"152","Jiyujin","9.8","Superb","744 Total Reviews",9.4,9.9,9.9,9.7,10,10,10
"153","Piece Hostel Kyoto","9.5","Superb","746 Total Reviews",8.9,9.9,9.5,9.5,9.7,9.8,9.2
"154","Gion Ryokan Q-beh","9.4","Superb","974 Total Reviews",8.9,9.8,9.1,9.8,9.3,9.5,9.6
"155","Gojo Guest House","9.4","Superb","977 Total Reviews",9.1,9.5,8.9,9.3,9.5,9.9,9.7
"156","Capsule Resort Kyoto Square","9.4","Superb","31 Total Reviews",8.4,10,10,9.6,9.4,9.8,8.8
"157","Kyoto Hostel ZEN","9.6","Superb","24 Total Reviews",8.9,9.5,9.7,9.8,9.8,9.8,9.5
"158","Guest House Kyoto Inn","9.3","Superb","164 Total Reviews",8.9,9.5,9.1,8.9,8.9,9.7,9.7
"159","Guest House Shiori Ann","9.1","Superb","71 Total Reviews",8.5,9.3,9.2,9.4,9.2,9.2,9.1
"160","WeBase Kyoto","9.2","Superb","3 Total Reviews",8.7,10,9.3,8.7,10,10,8
"161","The Lower East Nine Hostel","9.0","Superb","304 Total Reviews",8.7,9.4,9.1,8.9,8.7,9.5,9
"162","Guest House Renjishi Kabuki","9.1","Superb","555 Total Reviews",8.8,8.7,9,8.7,9.5,9.8,9.2
"163","Hostel Niniroom","9.4","Superb","13 Total Reviews",9.4,9.7,9.4,8.9,9.4,9.7,9.1
"164","Hostel Kyoto Kizuna","9.3","Superb","114 Total Reviews",9.4,9.7,9.2,8.8,9.8,9.8,8.6
"165","Tanaka Gokurakudo Guest House","9.3","Superb","31 Total Reviews",9,9.7,9,9.3,9.3,9.7,9
"166","Calendar Hotel","8.8","Fabulous","11 Total Reviews",8,9.8,9.2,8.4,9.2,8.4,8.8
"167","Guest House Ga-Jyun","9.5","Superb","168 Total Reviews",9.5,9.7,8.8,9.6,9.6,9.6,9.9
"168","Kyoto Hana Hostel","8.7","Fabulous","2324 Total Reviews",8.2,8.7,7.9,9.5,8.9,9,8.6
"169","GATE80 Kyoto Nijo","8.8","Fabulous","5 Total Reviews",8.4,8.8,9.2,8.8,9.6,8.4,8.4
"170","Guest House Hachi","9.1","Superb","18 Total Reviews",9.1,9.1,8.6,9.1,9.4,9.1,9.1
"171","Fairfield House","9.2","Superb","65 Total Reviews",9,9.8,9.3,8.3,9.8,9.2,8.8
"172","RokuRoku","9.3","Superb","58 Total Reviews",9.3,9.5,9.1,8.5,9.8,9.5,9.5
"173","Tabetoma Nijo Castle","8.9","Fabulous","147 Total Reviews",9,9.7,9,8.7,7.7,9,9.3
"174","Nagomi-Ryokan Yuu","8.6","Fabulous","280 Total Reviews",6,10,10,8,10,8,8
"175","Stay Inn KOTO","9.6","Superb","9 Total Reviews",9.1,9.7,9.1,9.7,9.4,10,10
"176","Grand-Rem Kyoto","9.1","Superb","9 Total Reviews",8.2,9.1,8.4,9.3,9.8,8.9,9.8
"177","Hostel Mundo Chiquito","8.7","Fabulous","246 Total Reviews",8.7,9.1,7.6,9.3,8.2,9.3,8.9
"178","Peace House Sakura","8.1","Fabulous","63 Total Reviews",7.7,7.3,7.3,8.8,8.5,9,7.8
"179","Jam Hostel Kyoto Gion","7.9","Very Good","553 Total Reviews",6,8,6.7,9.3,9,8,8
"180","The Limelight Kyoto","10.0","Superb","1 Total Review",NA,NA,NA,NA,NA,NA,NA
"181","Hostel HARUYA Kyoto","8.9","Fabulous","122 Total Reviews",8.7,9.3,7.3,8.7,9.3,10,8.7
"182","Hostel Mundo","8.4","Fabulous","276 Total Reviews",8.3,7.7,8.3,8.7,7.7,9.3,9
"183","Guesthouse Soi","9.4","Superb","166 Total Reviews",8,10,10,9.3,9.3,9.7,9.3
"184","OKI's Inn","9.8","Superb","380 Total Reviews",9.3,10,10,10,10,10,9.3
"185","THE NEXT DOOR lower east nine hostel","8.2","Fabulous","57 Total Reviews",8,9.6,7.2,7.2,8.8,8.8,7.6
"186","Kyoto Guesthouse Roujiya","8.6","Fabulous","175 Total Reviews",7.6,9.2,8,9.2,8.4,8.8,8.8
"187","Book and Bed Tokyo - Kyoto","9.0","Superb","14 Total Reviews",10,8.5,8.5,10,9,8.5,8.5
"188","Hostel Ginkakuji","7.9","Very Good","5 Total Reviews",8,7,7,8,8,8,9
"189","Tomato Kyoto Station","7.0","Very Good","288 Total Reviews",5.7,6,7,9,7,7.3,7.3
"190","Matcha Backpackers","8.3","Fabulous","4 Total Reviews",7,8.5,8.5,9,8.5,8,8.5
"191","Small World Guesthouse in Kyoto","8.0","Fabulous","369 Total Reviews",8.3,8.7,7.7,7.3,8.3,8.7,7.3
"192","Guest House YULULU","9.4","Superb","64 Total Reviews",10,9.6,9.6,8.8,9.2,9.2,9.6
"193","Kyoto Hostel Ryokan","8.7","Fabulous","12 Total Reviews",8.4,8.4,8.4,8.4,8.4,10,8.8
"194","Kyo To","9.0","Superb","11 Total Reviews",8.9,9.4,8.6,9.1,9.4,9.1,8.6
"195","Kyoto Suiden Ann Annex Dormitory-Sui","9.4","Superb","6 Total Reviews",9.2,10,9.2,8,9.6,10,10
"196","O-yado Sato","8.0","Fabulous","113 Total Reviews",7,8,7,8,9,10,7
"197","Okara Guesthouse","9.6","Superb","30 Total Reviews",9,10,10,9.5,10,9.5,9.5
"198","Gojo Guesthouse - Annex","9.9","Superb","354 Total Reviews",10,10,10,9,10,10,10
"199","Ikoi-no-Ie Kyoto","6.7","Good","697 Total Reviews",6,6,5,8,8,8,6
"200","Talbot","5.7","Rating","6 Total Reviews",4,6,6,6,8,4,6
"201","Guest House Yahata","8.7","Fabulous","358 Total Reviews",8.5,9.5,7,9,10,8.5,8.5
"202","Grateful","8.9","Fabulous","1 Total Review",10,8,8,8,8,10,10
"203","Kyoto UTANO Youth Hostel","8.3","Fabulous","152 Total Reviews",6,10,10,6,10,8,8
"204","Kyoto Tsukiusagi","7.7","Very Good","4 Total Reviews",6.7,9.3,7.3,7.3,8.7,7.3,7.3
"205","Mosaic Machiya KSK","8.6","Fabulous","2 Total Reviews",10,8,4,10,8,10,10
"206","FUJITAYA Kyoto","7.1","Very Good","2 Total Reviews",NA,NA,NA,NA,NA,NA,NA
"207","Colours","9.1","Superb","5 Total Reviews",7,10,9,8,10,10,10
"208","Kyoto Be Open Hostel","8.0","Fabulous","4 Total Reviews",8,9,5,9,9,9,7
"209","Guest House Hitsuji-An","10.0","Superb","91 Total Reviews",10,10,10,10,10,10,10
"210","Guesthouse Origami","7.8","Very Good","249 Total Reviews",7.5,7,7.5,8,8.5,8.3,8
"211","You En Me House","6.9","Good","11 Total Reviews",6,8,4,6,8,10,6
"212","Guest House Aoi Nakamoto","9.4","Superb","1 Total Review",NA,NA,NA,NA,NA,NA,NA
"213","Ark Hostel","9.0","Superb","814 Total Reviews",8.4,9.3,9.1,8.9,9.2,9.1,9.2
"214","Hostel Mitsuwaya Osaka","9.5","Superb","633 Total Reviews",9.3,9.8,9.4,9.1,9.5,9.9,9.5
"215","Hostel Bushi","8.6","Fabulous","292 Total Reviews",8,8.7,8.4,8.4,8.7,8.9,9
"216","Backstage Osaka Hostel & Bar","9.4","Superb","131 Total Reviews",9.6,9,9,9.8,9.1,9.7,9.6
"217","Guesthouse U-En","9.5","Superb","1249 Total Reviews",9.4,9.6,9.4,9.2,9.5,9.9,9.6
"218","""Bike & Bed"" CharinCo Hostel","9.3","Superb","277 Total Reviews",9.1,9.7,9.4,8.9,8.9,9.7,9.5
"219","Tani9 Backpackers Osaka","9.4","Superb","479 Total Reviews",9.2,9.8,9.5,9.3,9.5,9.7,9
"220","Osaka Fuku Hostel Namba","9.7","Superb","150 Total Reviews",9.5,9.6,9.7,9.9,9.5,9.9,9.7
"221","The Pax Hostel/Records/More","9.5","Superb","409 Total Reviews",9.3,9.6,9.3,9.4,9.4,9.9,9.5
"222","Music & Coffee Hostel LnK (LODGING & KIN)","9.4","Superb","99 Total Reviews",9.3,9.5,9.5,9.5,9.3,9.6,9.4
"223","Osaka Fuku Hostel Nagomi","9.5","Superb","148 Total Reviews",9.3,9.6,9.5,9.8,8.9,9.9,9.7
"224","Honjin Hostel","9.3","Superb","28 Total Reviews",8.7,9.5,9.3,9.6,9.5,9.2,9.6
"225","Backpackers Hotel Toyo Osaka","8.6","Fabulous","3264 Total Reviews",8.2,8.2,8.5,8.6,8.8,8.9,8.9
"226","Funtoco Backpackers Namba","9.4","Superb","225 Total Reviews",9,9.8,9.2,8.9,9.5,9.9,9.6
"227","Picnic Hostel Osaka","9.1","Superb","93 Total Reviews",7.8,9.4,8.8,9.6,9.2,9.6,9.6
"228","Sakura La An","9.4","Superb","471 Total Reviews",9.1,9.7,9.2,9.1,9.6,9.8,9.5
"229","J-Hoppers Osaka Guesthouse","9.4","Superb","3102 Total Reviews",9.1,9.5,9.2,9.3,9.5,9.7,9.6
"230","Osaka Guesthouse Hive","8.2","Fabulous","163 Total Reviews",7.6,8.5,8.1,7.9,8.7,8.6,8.1
"231","Khaosan World Namba","8.7","Fabulous","1098 Total Reviews",7.7,8.5,8.6,9.4,9.1,9.1,8.7
"232","Osaka Hana Hostel","9.3","Superb","1553 Total Reviews",8.4,9.5,9.2,9.9,9.1,9.8,9.5
"233","The Blend Inn","9.7","Superb","52 Total Reviews",9.5,10,9.5,9,10,10,10
"234","HOSTEL WASABI Osaka Bed with Library","9.1","Superb","229 Total Reviews",8.5,9.3,8.8,9.8,9,9.1,9.1
"235","Ikidane House Namba","9.0","Superb","106 Total Reviews",8.2,9.5,9.1,8.4,9.1,9.2,9.3
"236","Osaka Guesthouse SUN","9.2","Superb","233 Total Reviews",9.1,9.3,8.7,9.3,8.9,9.7,9.3
"237","Hostel 64 Osaka","9.2","Superb","1320 Total Reviews",9.1,9.4,9,8.9,9.2,9.5,9.4
"238","Osaka Guesthouse Sakura","9.0","Superb","105 Total Reviews",8.7,9,9.1,8.3,9.3,9.4,9.1
"239","STAY in the City AMEMURA","8.9","Fabulous","9 Total Reviews",7.8,10,8.4,9.8,8,9.1,9.1
"240","Air Osaka Hostel","8.8","Fabulous","300 Total Reviews",9.3,8.5,8.4,8.3,8.5,9.5,9.2
"241","Osaka GuestHouse KOMA","8.8","Fabulous","434 Total Reviews",8.7,8.3,8.3,9.3,8.8,9.1,9.1
"242","Guest House Matsu","9.3","Superb","83 Total Reviews",9,9.5,9.2,9.5,8.7,9.7,9.5
"243","Hostel Ebisutei Souzou with Sake Bar","7.6","Very Good","101 Total Reviews",7.5,7.1,7.1,8.5,6.9,8.2,8.2
"244","Hostel Rakutsuki","8.9","Fabulous","65 Total Reviews",7.8,9.7,8.6,9.7,8.7,9.1,9.1
"245","Peace House Suzunami","8.3","Fabulous","173 Total Reviews",8,7.5,8.3,9.2,8,8.3,8.7
"246","Drop Inn Osaka","9.2","Superb","406 Total Reviews",8.2,9.4,9.2,9.1,9.6,9.6,9
"247","Imano Osaka Shinsaibashi Hostel","9.4","Superb","1 Total Review",10,10,8,10,8,10,10
"248","Roots Hostel","8.9","Fabulous","70 Total Reviews",8.5,9.4,8.3,8.9,8.9,9.4,9.2
"249","Osaka Namba Hostel MIYABI","8.8","Fabulous","84 Total Reviews",8.7,8.7,7.9,9.1,8.4,9.7,8.9
"250","The Dorm Hostel Osaka","9.5","Superb","20 Total Reviews",8.8,9.6,9.4,9.8,9.2,9.8,9.6
"251","Khaosan World Tennoji Hostel","8.6","Fabulous","85 Total Reviews",7.6,9.1,8.5,8.9,9.1,8.7,8.7
"252","Kintetsu Friendly Hostel -Osaka Tennoji Park-","9.3","Superb","93 Total Reviews",8.3,9.6,9.3,9.7,9.7,9.6,9.3
"253","Hostel Enisia Namba","9.4","Superb","36 Total Reviews",8,10,10,10,10,10,8
"254","Hostel Chillout","9.0","Superb","77 Total Reviews",8,9.8,8.7,9.1,8.7,9.6,8.9
"255","Guesthouse HetoGep","9.3","Superb","19 Total Reviews",9.3,9,9,9.5,9,9.8,9.5
"256","Sun Village Tsuruhashi","8.4","Fabulous","6 Total Reviews",6.7,10,8.3,8.7,7.3,8.3,9.3
"257","Idocoro","7.0","Very Good","64 Total Reviews",5,6.5,6,8,8.5,8,7
"258","Very Hostel Namba","9.5","Superb","31 Total Reviews",9.6,10,9.8,8.4,9,9.4,10
"259","Home Hostel Osaka","9.6","Superb","46 Total Reviews",8.9,9.8,9.8,9.5,10,9.6,9.5
"260","J-Hoppers Osaka Universal","9.1","Superb","198 Total Reviews",8.6,9.2,9.2,8.9,9.1,9.4,9.4
"261","Guest House Onoya","9.7","Superb","24 Total Reviews",10,10,9.6,8.8,9.8,10,9.8
"262","Hostel Jin","9.6","Superb","63 Total Reviews",8.9,9.5,9.6,9.6,9.6,10,9.6
"263","New World Inn","8.2","Fabulous","3 Total Reviews",6,8,8,8.7,9.3,9.3,8
"264","Beehive Hostel Osaka","9.4","Superb","54 Total Reviews",9,10,9.5,8,9.5,9.5,10
"265","Hostel Q","8.1","Fabulous","130 Total Reviews",6.3,7.3,7.7,9.7,8,9.3,8.7
"266","Bon Hostel","9.4","Superb","2 Total Reviews",9,10,10,8,10,9,10
"267","Shell Nell namba","8.7","Fabulous","8 Total Reviews",7.5,8.5,8.5,9,9.5,9,9
"268","Dotombori Base","8.0","Fabulous","32 Total Reviews",7.5,6.9,6.5,9.7,7.8,9.1,8.5
"269","Peace House Showa","8.8","Fabulous","341 Total Reviews",9.3,9,9,8,7,9,10
"270","iloha Hostel Namba Shinsaibashi","8.7","Fabulous","44 Total Reviews",7.4,8.9,8.6,9.7,8.3,9.1,9.1
"271","Umbrella House Osaka","8.0","Fabulous","13 Total Reviews",7.6,8.8,8.4,7.6,8,8,7.6
"272","Qoo Hostel Osaka","8.3","Fabulous","5 Total Reviews",8,8.4,8,8.4,8.4,8.4,8.4
"273","Osaka Guesthouse Nest","9.5","Superb","34 Total Reviews",8.8,10,9.6,9.6,9.6,9.6,9.6
"274","Bonsai Guest House","9.1","Superb","865 Total Reviews",8,9.5,8.5,9,9.5,9.5,9.5
"275","Peace House Sachi","9.1","Superb","124 Total Reviews",10,10,8,10,8,10,8
"276","White Hostel Shinsaibashi","8.9","Fabulous","6 Total Reviews",8,9.2,9.2,8.8,9.2,8.8,8.8
"277","Peace House Abeno","9.1","Superb","60 Total Reviews",9,9.5,9,8,8.5,10,9.5
"278","Osaka Hostel Kai","8.6","Fabulous","51 Total Reviews",8.5,9,7.5,8,9,10,8.5
"279","Hostel J Culture 168","9.4","Superb","5 Total Reviews",10,10,10,7,10,10,9
"280","Shin-Osaka Tomato Guest House","8.3","Fabulous","135 Total Reviews",7.5,8.5,8,7.5,9,9,8.5
"281","Casa Macondo","8.7","Fabulous","9 Total Reviews",9.3,8.7,8.7,8.7,8,8.7,8.7
"282","Sun Village Tamatsukuri","8.9","Fabulous","1 Total Review",8,8,10,8,10,10,8
"283","Hostel ViAGGiO","8.0","Fabulous","23 Total Reviews",8,7,7,9,8,8,9
"284","Hostel moku-moku","8.9","Fabulous","41 Total Reviews",8,9.5,8.5,9,8.5,9.5,9
"285","Guesthouse Morizou Female only","8.9","Fabulous","22 Total Reviews",9.2,9.2,8.8,7.6,8,9.6,9.6
"286","Hotel Sun`Plaza 2","7.9","Very Good","181 Total Reviews",8,7,7,9,8,8,8
"287","Capsule Hotel Asahi Plaza Shinsaibashi","9.3","Superb","691 Total Reviews",8,10,9.6,9.6,10,8.4,9.2
"288","Hotel Taiyo","7.4","Very Good","693 Total Reviews",6.8,6.8,6.8,8.4,7.6,8,7.2
"289","Ken's House","7.7","Very Good","55 Total Reviews",6.3,8,6.7,9.3,7.3,8.3,8
"290","B&S Eco Cube Shinsaibashi","8.0","Fabulous","56 Total Reviews",6,10,8,10,8,6,8
"291","Bonfire Hostel Osaka","9.0","Superb","56 Total Reviews",7,9,10,9,9,9,10
"292","Guesthouse Fujitatami","9.6","Superb","12 Total Reviews",9.3,10,10,8.7,9.3,10,10
"293","Hotel Shin-Imamiya","7.1","Very Good","26 Total Reviews",6,6.5,6.5,8.5,7,7.5,8
"294","Hotel Mikado","6.3","Good","1076 Total Reviews",4,10,6,10,10,2,2
"295","Goen Lounge&Stay","9.4","Superb","5 Total Reviews",10,10,8,8,10,10,10
"296","Shin-Osaka Youth Hostel","8.9","Fabulous","64 Total Reviews",7,10,9,9,10,8,9
"297","Senba Hostel","4.0","Rating","35 Total Reviews",2,4,6,4,4,4,4
"298","Coco Hostel Osaka","7.7","Very Good","17 Total Reviews",6.5,8.5,7,9.5,6.5,8.5,7.5
"299","Poly Hostel 2 Namba","10.0","Superb","1 Total Review",NA,NA,NA,NA,NA,NA,NA
"300","Guesthouse Siam","8.3","Fabulous","1 Total Review",8,10,10,6,8,10,6
"301","Hotel Raizan South","9.4","Superb","631 Total Reviews",10,8,8,10,10,10,10
"302","Lore Hostel Dontonbori","8.3","Fabulous","17 Total Reviews",6,10,8,10,6,8,10
"303","Music Uni Street Backpackers Hostel","8.9","Fabulous","6 Total Reviews",9.3,9.3,9.3,6.7,8,10,9.3
"304","Hostel Namba Takumi","7.4","Very Good","4 Total Reviews",6.5,8,6.5,9,5,9,8
"305","Osaka International Youth Hostel","6.3","Good","23 Total Reviews",6,6,8,4,6,8,6
"306","Osaka Guest House DOYA","8.0","Fabulous","1 Total Review",6,10,10,4,10,8,8
"307","YADOKARI Namba Hostel","9.7","Superb","3 Total Reviews",NA,NA,NA,NA,NA,NA,NA
"308","Hostel AI","2.0","Rating","2 Total Reviews",2,2,2,2,2,2,2
"309","Daikoku Hostel","8.0","Fabulous","203 Total Reviews",6,8,8,8,9,9,8
"310","Backpackers Hostel K's House Hiroshima","9.2","Superb","2850 Total Reviews",8.7,9.5,8.9,9,9.5,9.5,9.1
"311","Santiago Guesthouse Hiroshima","8.6","Fabulous","1152 Total Reviews",7.9,9.1,8.5,9.4,8.6,8.1,8.6
"312","Guesthouse Hiroshima Mange Tak","9.3","Superb","148 Total Reviews",8.6,9.7,9.1,9.4,9.2,9.7,9.3
"313","Hostel Mallika","9.2","Superb","180 Total Reviews",8.2,9.1,9.4,9.7,9.2,9.6,9.4
"314","Hiroshima Hostel EN","9.4","Superb","96 Total Reviews",9.5,9.3,8.9,9.4,9.4,9.8,9.5
"315","J-Hoppers Hiroshima Guesthouse","9.1","Superb","2959 Total Reviews",8.3,9.5,8.7,9.3,9.5,9.8,8.9
"316","The Evergreen Hostel","8.9","Fabulous","175 Total Reviews",8.7,9.2,8.2,9.6,9,9.1,8.8
"317","Guest House Roku","9.3","Superb","706 Total Reviews",9.3,9.5,9.1,8.9,9.2,9.7,9.3
"318","Simple Stay Peacepark","7.9","Very Good","23 Total Reviews",7.7,7,7.4,9.5,7.9,7.7,7.7
"319","Omotenashi Hostel Miyajima","9.4","Superb","329 Total Reviews",8.9,9.6,9.7,8.5,9.6,9.7,9.6
"320","Hostel & Cafe Bar Backpackers Miyajima","9.5","Superb","1832 Total Reviews",9.2,9.7,9.5,9.6,9.4,10,9.3
"321","Hiroshima Hana Hostel","8.7","Fabulous","2418 Total Reviews",7.7,8.7,8.3,9.5,8.9,9.3,8.8
"322","Hostel Kawate-ya","9.4","Superb","4 Total Reviews",9,9.5,9.5,10,9,9.5,9.5
"323","SUMIYA Spa & Hotel","8.6","Fabulous","1 Total Review",NA,NA,NA,NA,NA,NA,NA
"324","Hostel & Powder Room Crane(female only)","9.9","Superb","4 Total Reviews",9.5,10,10,10,10,10,9.5
"325","Hiroshima Fan’s Hostel","10.0","Superb","1 Total Review",NA,NA,NA,NA,NA,NA,NA
"326","Common de Hostel & Bar","9.3","Superb","25 Total Reviews",8.4,9.7,9.9,9.3,9.6,9.4,9
"327","& And Hostel","9.1","Superb","332 Total Reviews",8.9,9.3,8.9,9.4,9,9.1,9
"328","THE LIFE hostel & bar lounge","9.0","Superb","379 Total Reviews",8.7,9.3,9.1,9.5,8.8,8.7,8.6
"329","Fukuoka Hana Hostel","9.1","Superb","694 Total Reviews",8,9.5,8.5,9.4,9.4,9.7,9
"330","Ark Blue Hotel","9.1","Superb","22 Total Reviews",8.4,10,8.9,8,9.6,9.3,9.3
"331","Hakozaki Garden Guesthouse","9.6","Superb","13 Total Reviews",9.5,9.8,9.7,8.6,9.4,10,9.8
"332","WeBase HAKATA","9.1","Superb","58 Total Reviews",7.8,9.6,9.5,8.9,9.1,9.8,8.9
"333","Fukuoka Backpackers Hostel","8.3","Fabulous","1422 Total Reviews",8,8.7,7.8,8,8.5,8.7,8.2
"334","Kia Ora Budgetstay","8.9","Fabulous","363 Total Reviews",8.7,9.4,9.2,8.5,8.3,9.2,9
"335","Hostel TOKI","9.6","Superb","11 Total Reviews",9.7,9.7,9.4,9.1,9.4,10,10
"336","Tonagi Hostel × Cafe","8.3","Fabulous","37 Total Reviews",9,7,8,9,7,9,9
"337","Hostel Stand By Me","8.7","Fabulous","15 Total Reviews",8.6,9.6,8.7,8.3,8,8.9,8.7
"338","B&C Gakubuchi","9.5","Superb","13 Total Reviews",9.7,10,8.7,9.7,9.3,10,9.3
"339","Fukuoka Guesthouse Little Asia Kokura","7.7","Very Good","83 Total Reviews",7,7.5,7,8,8.5,8,8
"340","Bed Stock","7.7","Very Good","29 Total Reviews",9,5,7,10,6,9,8
"341","The Gate Hostel","8.7","Fabulous","12 Total Reviews",8.7,9,8,9,9,9,8.5
"342","Trip Pod Fukuoka - snack & bed -","9.1","Superb","7 Total Reviews",8.4,9.2,9.2,10,8.4,8.4,10
"343","Guest House Hokorobi","9.4","Superb","188 Total Reviews",10,10,10,8,9,10,9
"344","Book And Bed Tokyo Fukuoka","7.1","Very Good","10 Total Reviews",7.3,6.7,8,7.3,6.7,6,8
"345","Norishico Auto Guesthouse","10.0","Superb","15 Total Reviews",10,10,10,10,10,10,10
"346","HATAGO tenjin","7.1","Very Good","19 Total Reviews",8,6,6,8,8,8,6
"347","Guest House Kaine","9.0","Superb","491 Total Reviews",8.7,9.3,8.7,8.7,9.3,9.3,8.7
"348","Harborside Guest House MINATO","9.1","Superb","26 Total Reviews",10,10,8,6,10,10,10
